ancine_id,classind_rating
B0901024500000,all ages
E1600546500000,12
B0901028800000,12
E1402603000000,12
E1500675000000,12
E1500819500000,10
B0901015000000,14
E1600628800000,
E1500380200000,all ages
B0900982500000,16
B0800866000000,18
E1500869600000,all ages
E1600594800000,16
E1600544100000,12
B0700701800000,14
E1600594900000,all ages
E1500701500000,12
B0901006700000,
B0901010800000,14
E1402479900000,16
E1402747200000,18
E1500933600000,10
E1600562500000,12
E1600623100000,all ages
E1402794800000,all ages
E1600606400000,14
E1600174800000,12
E1402337300000,12
E1600549100000,16
E1402606700000,16
E1600021100000,14
E1600629600000,16
E1500920300000,16
E1600090500000,all ages
E1402604700000,14
E1600628000000,16
B0800831900000,14
E1600549900000,all ages
E1600614000000,12
E1600551600000,12
E1600550000000,14
E1600629700000,14
E1600613500000,10
B0901063200000,14
E1600635600000,14
E1600550400000,12
B0700707700000,12
E1600636200000,16
E1500796600000,16
E1600168100000,18
B0800922200000,10
E1600551500000,12
E1600551700000,16
E1600563900000,14
B0900982700000,all ages
E1600601200000,16
E1500120300000,14
E1600549800000,16
E1600552000000,12
E1402514700000,10
B0900993400000,all ages
E1600627500000,all ages
E1402518500000,18
B0901044600000,
E1600612200000,
B0800953500000,12
E1600639700000,12
B0901080700000,14
E1600576400000,12
B1001132300000,
B1001132200000,
E1600553800000,18
B0900988600000,16
E1600555800000,10
E1600611200000,12
E1600623800000,16
E1600556400000,12
E1600556500000,14
B0901061000000,12
B0901013900000,16
B0901055900000,all ages
E1600551800000,12
E1600557200000,14
E1600599700000,16
E1600630300000,14
B0900969800000,all ages
B0901043200000,10
E1402503400000,10
B0900979600000,12
E1600561800000,all ages
E1600544500000,16
E1500116400000,10
E1402644600000,18
E1600622800000,10
E1600608700000,18
E1600563100000,18
E1600380600000,14
B0901003500000,14
B0901103700000,18
B0901078400000,12
E1600598500000,
E1600563500000,all ages
E1600564000000,10
E1600410100000,12
E1402630000000,12
B0901108700000,16
E1600555400000,
E1500169000000,10
B0901070100000,all ages
B0800951000000,14
E1600468800000,12
E1600611600000,14
B0901091900000,12
B0800956800000,12
E1600582600000,12
E1600601300000,10
E1600626400000,all ages
B0600605500000,12
E1600589600000,12
E1600589700000,14
E1500459600000,16
E1600426500000,all ages
E1600608800000,12
E1600583100000,12
B0900998600000,12
B0900999100000,16
B0901086000000,14
E1600174700000,16
E1500379900000,all ages
E1600613700000,16
E1402795800000,12
B0800936700000,all ages
E1600562200000,all ages
E1402319200000,14
E1600584400000,18
B0900991000000,10
E1500196500000,16
E1600634700000,12
E1600587500000,12
E1600593000000,12
E1600587700000,12
E1600587900000,14
E1600590000000,12
E1600620200000,18
E1600556700000,14
E1500530400000,all ages
E1500096000000,12
B0901035900000,10
E1500468200000,14
E1500487000000,all ages
E1600588900000,all ages
E1600589000000,
E1600542900000,14
B0901117100000,14
E1600590100000,18
E1600613800000,16
E1402598500000,16
E1600626900000,14
E1600636400000,10
E1500773300000,10
B0901020100000,14
E1402820400000,16
E1600637100000,14
E1600621900000,18
E1600400500000,all ages
E1600563600000,14
E1600592800000,12
E1600593100000,14
B0800830200000,all ages
E1600593200000,16
E1600593700000,14
E1600557000000,12
E1600622500000,14
B0901025700000,all ages
E1500273400000,12
B0800855600000,14
E1600549700000,12
E1600601400000,14
E1600640700000,all ages
B0901082400000,12
E1500482600000,all ages
E1600608400000,16
E1600608000000,16
E1500171500000,14
B0800888700000,14
E1402628900000,all ages
B0901041200000,all ages
B0901057200000,all ages
E1600582400000,12
B0901027100000,14
E1600553700000,12
E1600609200000,14
E1600630500000,14
E1600631700000,
E1600607200000,12
E1600631900000,18
E1600619500000,14
B0901029800000,14
E1500121800000,all ages
E1500166000000,12
E1402795900000,10
E1600640500000,10
B0900971300000,all ages
E1500919200000,12
E1402824700000,14
E1600583300000,10
B0800820600000,
E1600576600000,12
E1600576700000,all ages
B0800964000000,all ages
E1600632200000,14
E1500819600000,16
E1600632300000,14
B0900987100000,10
B0901024100000,all ages
E1600577600000,all ages
E1600626100000,10
E1402824600000,14
E1600632700000,12
E1402595000000,10
E1500792700000,14
E1600541200000,14
E1600468700000,10
B0901061400000,14
B0800891200000,14
E1600626000000,16
E1600638800000,16
B0800917000000,all ages
E1600611900000,12
E1600612000000,
B0800925600000,all ages
B0800827400000,all ages
E1600540200000,all ages
E1500529000000,all ages
E1600613200000,all ages
E1600613400000,
E1600612900000,12
B0901002100000,12
E1500468000000,12
B0901071800000,14
E1500894100000,16
E1600624000000,16
E1600609300000,10
E1600584000000,12
E1600620100000,all ages
E1600621200000,10
B0901072300000,16
E1402747400000,14
B0800958700000,10
B0901050700000,16
E1600633300000,14
B0901079200000,18
E1600176700000,all ages
B0901001900000,12
E1600622900000,16
E1600333900000,18
E1600638300000,14
B0901010000000,all ages
E1600588600000,12
E1600627900000,16
B0901108200000,
E1402648600000,12
E1600627200000,14
E1600470900000,14
E1600551200000,12
E1500045900000,all ages
E1600633400000,12
B0901022100000,12
E1600576300000,all ages
E1600628400000,16
E1600561600000,16
E1600637800000,16
E1600633800000,14
E1600599500000,12
B0800925800000,12
E1600590200000,all ages
E1600634800000,14
E1600635000000,18
B0901039400000,14
E1600633900000,14
E1402345200000,10
E1600117000000,14
E1500530700000,16
E1500288700000,all ages
B0901010400000,all ages
E1402434000000,all ages
B0500444500000,16
E1600636000000,12
B0901019900000,14
E1600636100000,14
E1600546200000,14
E1600634200000,14
E1500204900000,all ages
E1402591100000,all ages
E1600589400000,12
E1500587900000,all ages
E1500883100000,16
B0901006300000,all ages
E1402488100000,14
B0800959100000,12
E1600636700000,12
E1500623800000,12
E1600637700000,16
E1600639100000,all ages
E1600637600000,16
E1600639400000,14
B0800852600000,10
E1402563700000,18
E1600606100000,14
B0901096800000,all ages
B0901041400000,all ages
E1600546300000,16
E1600593400000,12
B1001259800000,16
B1001180900000,14
E1500426400000,14
B0400104300000,all ages
E1600544700000,all ages
E1600628600000,14
B0901007400000,all ages
E1500429200000,14
E1600629000000,16
B1001302600000,all ages
E1600629100000,16
B1001236800000,12
E1600609400000,16
E1600629200000,10
E1402466600000,all ages
E1600629300000,10
E1600584100000,14
E1500095500000,14
E1600588000000,16
E1500053000000,14
E1500429100000,16
E1600637300000,12
E1500804900000,14
E1500426500000,16
B1001283500000,16
E1600592100000,10
E1600470000000,10
E1500439900000,16
E1600555600000,16
B0800935800000,all ages
E1600582700000,14
E1500291700000,10
E1600557600000,10
E1600540500000,all ages
E1500917600000,10
E1600541900000,14
E1600640100000,16
B1001330500000,12
E1600629800000,14
E1402565500000,12
E1600588500000,12
B0901121200000,10
E1600546000000,12
B0500378700000,all ages
B1001319100000,all ages
E1600563300000,12
E1600639600000,16
B1001256000000,all ages
E1600640300000,10
B1001172500000,14
E1500429000000,10
E1500623700000,all ages
E1402489200000,14
E1600629900000,16
E1500146000000,16
E1700239200000,10
B1001164600000,10
E1600540600000,14
E1600552900000,10
B0901126600000,18
E1500732800000,10
B1001260400000,16
E1600090800000,14
E1600541100000,12
B0901062000000,12
E1600630200000,16
E1600176100000,10
E1500908500000,16
E1600556200000,16
E1600556600000,14
B1001148600000,all ages
B1001133500000,16
B1001237700000,
E1500668100000,16
E1500426700000,12
E1600030600000,12
E1600541000000,all ages
B1001214400000,14
E1600000300000,all ages
E1600557100000,14
E1600640400000,16
E1600550600000,12
E1600091300000,12
E1500430500000,10
E1600561700000,12
E1600562800000,16
B0901099400000,all ages
E1600553600000,16
E1600544900000,14
E1600092000000,all ages
E1600607800000,12
E1600549300000,14
B1001189100000,all ages
E1402583000000,12
E1600583900000,16
B1001211600000,10
E1600550700000,14
B0700747100000,10
B0901027700000,all ages
E1600630400000,16
B0901062900000,14
E1600593300000,14
E1600582500000,12
E1600554000000,14
E1600540900000,14
E1600262800000,12
B1001147500000,all ages
E1600542500000,16
B0800966100000,16
E1600583500000,all ages
E1600562600000,14
B1001205200000,16
E1500296900000,14
E1600584500000,all ages
E1402433500000,12
E1600562700000,12
B1001311400000,all ages
E1500390400000,14
E1600620300000,18
E1500138700000,12
B1001136000000,all ages
B0901099200000,16
E1500426800000,16
E1600432700000,16
E1500238500000,12
E1402594900000,16
E1600609500000,12
B1001166000000,14
E1600628200000,16
E1500238600000,all ages
E1600592200000,16
B0700719500000,10
E1500425800000,18
B1001318000000,all ages
E1600601700000,14
E1600548700000,10
E1402579500000,18
E1500922000000,14
B1001182400000,12
E1600544800000,12
E1600606300000,10
B0901107200000,12
E1600544600000,14
E1600606800000,18
E1600606900000,12
E1600557300000,12
E1600582900000,14
E1600607600000,all ages
E1600443800000,12
E1402667900000,all ages
E1402519900000,all ages
B1001312200000,12
E1600607900000,14
E1600637900000,16
E1500426200000,16
E1500426100000,10
B0901023600000,16
E1600608600000,14
E1600545000000,16
B1001282000000,14
E1402612200000,all ages
E1600610900000,14
E1600609000000,16
B0600623600000,14
E1600609700000,14
E1600609800000,18
E1600613900000,all ages
E1600563400000,10
B1001259400000,10
B1001203400000,all ages
E1600606600000,10
B0901126500000,14
E1402766100000,10
B1001236300000,12
E1600631800000,12
E1600588100000,16
E1600544200000,10
E1600632000000,12
E1600632100000,14
E1700239300000,14
E1600635100000,all ages
E1500426600000,14
E1500441100000,14
E1500441300000,16
B0700799200000,10
E1500931800000,12
B0901113900000,all ages
E1600599800000,14
E1500919700000,16
E1500081600000,16
E1600593900000,all ages
E1600638600000,all ages
E1600632400000,14
E1600588400000,14
E1600600300000,all ages
E1600556900000,16
E1600549200000,18
E1600010400000,16
E1600600400000,16
E1500819700000,16
B1001282200000,16
E1600625800000,12
E1600632800000,14
E1600215900000,10
E1600611000000,all ages
B0901121700000,16
E1500195500000,10
E1500460800000,12
E1600632900000,14
B1001143200000,16
E1500453200000,16
B0901090500000,14
E1600633100000,16
E1402837100000,14
E1600636500000,14
B0901059800000,all ages
E1600611700000,14
E1500819400000,14
E1500426300000,14
E1600612400000,12
E1600576500000,14
E1600612600000,12
E1600537000000,12
E1402419000000,16
E1600633200000,12
E1600584200000,all ages
E1600613600000,16
E1500234200000,14
E1600583600000,16
E1500449500000,12
E1600549600000,12
B1001257100000,10
E1600636800000,12
E1600562000000,12
B1001188500000,14
E1600619800000,16
E1500879300000,14
B1001172900000,16
E1600410800000,16
B0700745800000,18
E1402599200000,14
E1600621400000,14
E1600336000000,12
E1500881300000,16
B1001182000000,12
E1500325400000,12
E1402669100000,all ages
E1600613300000,14
E1600545600000,14
E1500242200000,14
E1600623400000,all ages
E1402577200000,14
E1600537600000,14
B0901101600000,all ages
B1001271700000,all ages
B0901120600000,12
E1600401700000,14
B1001160300000,16
E1600626200000,16
B1001311300000,all ages
E1600401000000,10
B1001298600000,all ages
B1001162900000,10
E1500650700000,12
E1600633500000,
E1600633700000,16
B1001251100000,12
E1500326100000,all ages
E1500029300000,10
B1001296000000,16
E1600639800000,12
E1600635400000,10
E1600635700000,14
E1600552500000,all ages
E1600634100000,16
E1600635900000,12
E1600549400000,16
B1001165300000,all ages
E1600637200000,all ages
E1600601000000,14
E1402594800000,14
E1500576600000,14
E1600588300000,16
E1500095300000,10
E1600545100000,12
B1001229000000,all ages
E1600091400000,12
B1001187000000,12
E1500793000000,16
B0901083500000,14
E1600552300000,18
B1001311200000,12
E1600634400000,16
E1600556000000,14
E1600639000000,12
E1600638700000,12
E1600639500000,12
E1402612100000,14
E1500800400000,14
E1500203600000,12
E1600546400000,16
B1001247700000,14
E1500087700000,12
B1101416000000,12
B1101441600000,14
B1101377300000,12
E1600628500000,12
E1500425100000,10
E1600214400000,10
E1600220900000,14
B1101379600000,12
E1500259700000,14
E1600197400000,14
E1600202400000,14
E1500856400000,12
E1600594600000,12
B1101396800000,14
E1402599900000,12
B1001327400000,12
E1402744200000,14
E1600218500000,14
E1600132800000,14
B0800959200000,all ages
E1600552700000,14
E1600219700000,12
E1402612500000,12
E1500616400000,16
E1600243500000,12
E1600626700000,18
E1500718100000,
E1600414300000,14
E1600212700000,14
E1402439500000,14
B1001308900000,14
E1402769100000,12
B1101460800000,12
E1600217700000,14
E1500297000000,12
E1500229000000,16
B1101362100000,14
E1600212800000,14
E1600247500000,all ages
E1600136600000,12
E1500839600000,all ages
B1101520600000,all ages
B1101385900000,14
B1101377100000,12
E1500264100000,14
E1600542100000,all ages
B1101449600000,14
E1600213800000,14
E1500427200000,16
E1402489300000,14
E1600239700000,12
B1101371900000,12
B1101483300000,10
E1600552400000,16
E1600552200000,all ages
B1001191000000,12
E1600630000000,12
E1500881600000,16
B1001319200000,all ages
E1500458400000,14
B1101348300000,all ages
E1402711700000,16
B1001298800000,14
B1101347100000,16
E1600553900000,12
E1500426900000,14
E1600248000000,12
E1600213300000,14
B1101496800000,14
E1600202000000,12
E1500655800000,all ages
B1001293100000,all ages
E1500050300000,12
B1101406900000,14
E1500574500000,14
E1600553000000,16
E1402371600000,12
E1500425900000,10
E1500205100000,all ages
E1600203000000,16
E1500427400000,14
E1600214100000,12
E1500424800000,12
E1600136400000,14
E1600197600000,14
E1600558200000,all ages
E1500441200000,16
B0901102500000,14
B1001292600000,
B0901050500000,all ages
E1402595200000,12
B0800963900000,
B1001303400000,14
B1001305900000,14
E1500881700000,14
B1101515400000,14
B1101459300000,14
E1600247400000,14
B1001315900000,12
E1500429300000,all ages
E1600216500000,all ages
B1101413800000,10
E1600563200000,16
E1600247700000,18
B1001205900000,12
B1001192900000,14
E1600197500000,12
B1101442800000,12
B1001187800000,14
E1600197800000,14
E1600590300000,14
B1101365800000,10
E1600065600000,all ages
E1600606200000,12
E1500427500000,16
E1600134600000,12
E1500587800000,12
B1101415000000,14
B1001340200000,12
B1101389300000,12
E1600203700000,14
B0800959600000,10
E1600214600000,16
E1600221500000,12
E1600213500000,12
B1101422700000,all ages
B1101413400000,12
E1600134200000,16
B1001284500000,all ages
E1600583700000,12
E1600542300000,16
E1500458900000,14
E1600135600000,16
E1600219600000,16
E1402629100000,all ages
E1600217600000,
E1402766200000,10
E1600216600000,all ages
E1500419800000,all ages
E1600244400000,16
E1600211500000,14
E1500589800000,all ages
E1500193700000,12
E1600213700000,14
E1500674500000,12
E1402603700000,
E1500881800000,all ages
E1500614300000,14
E1500419300000,16
E1600590500000,14
E1500205000000,10
E1600216900000,12
E1600135300000,12
E1600638000000,16
B1001190900000,16
E1600216400000,all ages
B1101457300000,14
E1600583000000,12
E1402595300000,all ages
E1600593500000,all ages
E1600414200000,10
E1600219200000,10
E1500882100000,12
B1001317800000,12
B1001276700000,all ages
E1600203400000,12
B1001321100000,14
E1600203500000,all ages
B1001259500000,16
B0901034700000,10
E1600607100000,14
E1600217800000,all ages
B1001294000000,all ages
E1600214200000,10
E1600218400000,12
E1600219100000,10
E1402417400000,14
B1101490400000,12
E1600134400000,12
E1402378100000,14
E1402327800000,14
B1201546800000,
B1101368000000,12
E1600221800000,14
E1600240000000,10
E1600247800000,12
B1001205400000,12
B1101438800000,12
E1500424000000,10
E1600202100000,12
B1101378300000,14
B1001344800000,14
E1600210900000,10
E1600606700000,12
E1600220200000,12
B1101373600000,16
E1600219400000,12
E1600010100000,12
B1101397500000,10
E1500668900000,14
E1500882500000,all ages
E1600214300000,14
E1600221400000,12
B1101427400000,12
E1500882900000,12
B1101424800000,all ages
E1600636600000,10
E1402704300000,12
B1101456100000,10
E1600202500000,12
E1500421500000,14
E1500229100000,12
E1600608100000,12
E1402714000000,10
E1600563700000,16
E1402853400000,14
B1001318100000,all ages
E1600619600000,14
E1500073000000,12
E1600042700000,10
B1001320600000,16
E1500427000000,14
E1402632000000,all ages
B1101461100000,12
E1500717800000,all ages
B1101491200000,14
E1402612600000,12
E1500423900000,14
B1101472100000,12
E1600213100000,all ages
E1500651400000,14
E1600203600000,all ages
B1101460700000,14
E1600202900000,all ages
E1600216800000,10
E1600218800000,14
B1001193400000,all ages
E1600132600000,14
B1101497100000,all ages
E1500415700000,14
E1600197700000,16
E1402768100000,14
E1500881500000,10
E1500545800000,12
E1402373900000,16
B1101460100000,14
E1600220500000,12
E1600218000000,16
E1600219000000,14
E1500426000000,12
E1600218600000,12
B1101510800000,all ages
E1600214000000,12
B1101431800000,12
E1600222000000,16
B1001224800000,all ages
B1101411000000,14
E1500192100000,14
B1101498800000,
E1402517800000,10
E1500423700000,16
E1600221700000,12
E1500423100000,14
B1001296100000,all ages
E1600221100000,all ages
E1600619900000,12
E1600246800000,12
E1600221900000,all ages
B1101443200000,10
B1101461600000,12
E1600601600000,10
E1402608200000,12
E1500427300000,12
E1600621700000,14
E1600621800000,14
E1600219900000,16
E1600212500000,16
E1500419900000,14
E1600244800000,14
B1101397900000,12
E1600133700000,14
B1001307300000,16
E1600135000000,all ages
E1500397200000,12
B1001324700000,all ages
E1500883000000,14
E1600627400000,16
E1600135700000,14
E1600627600000,16
E1402565600000,12
B1101428500000,all ages
E1600212900000,14
E1500285000000,14
E1600221000000,10
E1402771300000,all ages
B0901098400000,14
B1001314100000,all ages
B1101426200000,12
E1600592000000,10
B0901101100000,all ages
B1101425400000,14
E1402344100000,12
E1600213900000,16
E1600203300000,14
E1600212100000,14
E1600635200000,14
E1600245300000,all ages
E1600202200000,all ages
B1101519400000,12
E1500575400000,12
E1500121400000,12
E1600218100000,10
E1402603900000,14
E1600246500000,12
E1600221600000,16
E1600201900000,10
E1600202300000,12
E1600246900000,12
B1101350700000,all ages
E1600592400000,16
E1402488200000,12
E1600220100000,16
B1001330400000,12
B1101366300000,10
E1600247900000,12
B1001193200000,all ages
E1600203200000,all ages
E1500589700000,all ages
E1600638200000,12
E1600500900000,all ages
E1500274100000,14
E1600241800000,12
E1600191900000,16
E1500841200000,12
B1201568300000,all ages
E1600187100000,14
B1201617100000,10
E1500587600000,14
E1600210600000,12
E1500651500000,12
E1402513700000,12
B1201605900000,12
E1500424300000,14
E1500616300000,12
E1500575500000,14
E1600196400000,10
E1402650400000,14
E1500228600000,all ages
E1402613400000,12
E1600181000000,12
E1600177600000,12
E1500600100000,14
E1500668800000,12
E1500306700000,12
E1500676500000,12
E1402520500000,all ages
E1600209000000,14
B1101537900000,all ages
E1500411600000,14
B1201572300000,14
E1402668100000,all ages
E1500412100000,14
E1600181400000,12
E1600196700000,14
E1500545000000,12
E1600208100000,14
E1600211200000,12
E1500365300000,14
E1500491700000,14
E1500424700000,14
E1600190500000,14
E1600598200000,10
E1600186000000,12
E1500725500000,14
E1402709700000,12
E1600178500000,14
E1600241900000,all ages
E1600205600000,14
E1600240700000,14
E1500852700000,all ages
E1402604400000,16
E1600550500000,14
E1600195400000,16
E1600178200000,16
E1600180700000,14
E1600240800000,10
E1600210400000,12
E1600195900000,16
E1600208300000,16
B1101510400000,14
E1600196900000,12
E1500424200000,12
B1101427000000,10
E1500332200000,14
B1201569200000,10
E1600195500000,14
B1101519200000,14
E1500452400000,10
E1402401000000,12
E1600211600000,14
E1600211400000,14
E1600210000000,12
E1500587500000,12
E1500209600000,12
E1600221200000,all ages
E1402641300000,14
B1201670700000,all ages
E1500718800000,16
E1600178000000,16
B1201657700000,12
E1402375600000,12
E1500412600000,16
E1500361600000,14
E1500828600000,12
E1402520400000,10
E1600181100000,12
E1600179700000,14
E1600413900000,16
E1600212300000,16
B1101537800000,12
B1201623700000,16
E1402370500000,12
E1500307200000,10
B1201627800000,all ages
E1600177700000,12
E1500229500000,14
E1402378900000,10
E1500340400000,14
B1201586300000,12
E1402587700000,12
E1500718200000,14
E1600149700000,14
B1101504000000,12
B1201663500000,all ages
E1500273700000,12
E1500427900000,12
B1201564400000,all ages
B1201613900000,all ages
B1201676700000,12
B1101524900000,all ages
B1101420100000,14
E1402599600000,16
B1201630700000,12
E1600162200000,12
B1201676800000,12
E1600167900000,12
E1500425200000,12
B1201541400000,14
E1500228100000,all ages
E1500491300000,16
B1201686700000,all ages
B1201652600000,14
B1101535300000,16
E1402424000000,18
E1500424100000,16
B1201586400000,10
E1600167200000,14
B1201586000000,14
E1600184700000,14
E1500575300000,16
E1600193000000,16
E1600420400000,16
E1500702600000,14
B1201642000000,16
E1500413000000,all ages
B1201682400000,all ages
B1101528200000,16
B1201564700000,all ages
E1600241500000,12
E1600196600000,14
B1201573200000,18
E1600207600000,16
E1500600300000,12
E1600195600000,16
E1600167300000,10
E1500167000000,12
B1201646900000,all ages
B1201558400000,10
B1201647100000,12
E1402450700000,12
E1600209600000,all ages
E1600189800000,12
E1500306300000,12
E1600180800000,16
B1201553500000,14
E1500425700000,14
E1500028700000,12
B1101414400000,10
E1600184500000,14
E1402590900000,10
E1500435900000,all ages
B0700792400000,all ages
B1201543900000,all ages
B1201674600000,14
E1600186800000,14
E1600211100000,12
E1600067500000,14
E1500284600000,12
E1402768500000,12
E1500541200000,14
E1600192200000,16
E1402579400000,all ages
E1600211800000,18
E1500306900000,14
E1600190600000,10
E1600235000000,all ages
E1500419500000,14
E1600167700000,16
B1001290000000,14
E1600180300000,all ages
B1101473200000,12
E1500412400000,16
E1600167100000,14
B1201673600000,12
B1201622800000,10
E1600180200000,all ages
B1201616800000,14
E1600207500000,12
E1600210100000,16
E1600207300000,14
E1500842300000,14
E1600608500000,12
E1500282300000,12
B1201663700000,all ages
B1201589400000,
E1600185000000,12
B1201571900000,16
E1600184600000,16
E1500676000000,12
E1500693700000,12
E1402401600000,12
E1600206600000,12
B1101457200000,all ages
E1600209100000,14
E1500738700000,14
B1201628500000,all ages
E1402385700000,14
E1402589100000,10
E1500882400000,14
E1600192900000,16
E1500057700000,10
E1600208000000,12
E1500686900000,all ages
E1500096500000,12
E1500209300000,16
E1500717900000,10
B1101527800000,18
E1600234900000,12
E1402771500000,12
E1402601700000,14
B1101512800000,all ages
E1402603800000,all ages
B1101377500000,10
E1600177400000,all ages
E1500361300000,16
E1600187000000,14
E1500419400000,12
E1500841800000,14
E1500424400000,14
E1500340500000,12
E1600205100000,14
E1500122500000,12
E1500340800000,all ages
E1500361100000,10
E1402590500000,14
E1500361400000,14
B0700640600000,12
E1600192600000,12
E1600166200000,14
E1500203000000,12
E1600601500000,16
E1500412200000,16
E1500413400000,16
B1201681100000,14
E1500275200000,12
E1600186900000,all ages
E1500600400000,12
E1600208500000,12
B1101509000000,16
B1201554600000,all ages
E1402503600000,10
B1201656300000,all ages
E1500415900000,all ages
E1500421700000,all ages
E1600196200000,all ages
E1500423200000,16
E1600184900000,12
E1600205400000,14
E1600180100000,14
E1600166300000,14
E1600211000000,16
E1600240600000,14
E1600185100000,12
E1600206800000,18
E1500381700000,14
E1402604300000,14
E1500842000000,12
E1500412700000,16
B1201571700000,all ages
B1201567700000,14
B1201540200000,14
E1600177500000,14
E1500781800000,16
E1600179400000,14
B1201571600000,all ages
E1600177800000,14
E1500300100000,14
B1101495900000,all ages
B1201554700000,all ages
B1201686200000,all ages
E1500121500000,18
E1600240500000,12
E1500424500000,12
E1600207100000,16
E1600209500000,14
E1600218700000,14
B1201652400000,all ages
E1600583800000,14
E1500178200000,14
E1600196800000,all ages
B1101513200000,14
E1600207700000,10
E1402578800000,16
B1201659300000,12
E1600178100000,all ages
E1600210300000,10
B1201593600000,14
E1600167600000,10
B1201600900000,12
E1500340600000,12
E1500361500000,16
E1500307100000,12
E1402599300000,12
E1600167500000,14
E1500526700000,12
B1001312000000,16
E1500424600000,14
E1500307300000,16
B1101467000000,14
B1101513100000,all ages
E1600179900000,all ages
E1600197000000,16
E1600207800000,all ages
B1201567200000,12
B1201667100000,all ages
E1500345900000,12
E1500228700000,12
B1101526700000,12
E1402837300000,14
E1600181200000,16
B1201547400000,12
E1600171600000,14
E1600563800000,14
B1301877200000,10
E1600186400000,12
B1301805800000,10
E1500855500000,14
B1301751900000,12
E1500255600000,14
B1301852900000,10
B1201666700000,14
E1500841300000,12
E1600160200000,12
E1402641100000,14
E1500627500000,12
E1500100400000,14
B1301846600000,12
E1500803400000,16
E1600233800000,all ages
E1500298300000,14
E1500412000000,14
E1500413500000,12
B1101405200000,all ages
B1201661300000,14
E1600189300000,18
B1302047400000,10
E1600172500000,14
E1500733600000,12
E1402380400000,14
B1301971700000,12
B1201614400000,12
E1500412300000,16
E1600134100000,10
E1500873200000,12
E1500490200000,16
E1500842900000,12
E1600179600000,all ages
E1600160800000,14
E1500411400000,14
E1402518300000,12
E1500523700000,12
E1600190400000,12
E1600186500000,14
E1600161000000,14
E1500411800000,16
E1500411900000,14
B1301761800000,all ages
B1201604900000,14
E1600188500000,14
E1500667700000,14
E1600102600000,14
E1600188700000,12
E1600160300000,14
E1500423800000,14
E1500541100000,10
B1301759600000,10
B1301738800000,12
E1402516300000,14
E1600628300000,14
E1600233600000,14
E1600160700000,16
E1500680800000,14
B1301712400000,14
E1402668400000,10
E1500592800000,14
B1101473600000,10
E1500452600000,14
B1302035000000,12
E1600178900000,12
E1500491500000,
E1600149500000,all ages
E1500911100000,18
E1500788200000,12
E1500490300000,18
E1600218900000,16
E1600233100000,16
E1500410000000,12
B1301899900000,16
B1301739100000,18
E1500410300000,all ages
E1500499000000,12
E1500577100000,16
B1301815500000,14
E1600102400000,12
E1600160500000,12
E1600145300000,14
B1301812000000,12
E1500490800000,16
B1301910300000,14
E1600191600000,all ages
E1500725000000,all ages
B1201671000000,12
E1600234600000,16
B1301984500000,all ages
B1201647900000,12
E1600556300000,14
E1500259100000,12
E1500892600000,all ages
B1201660900000,10
E1500842100000,14
E1500410800000,16
E1600232200000,12
E1600178800000,14
E1600158900000,10
B1201622100000,all ages
B1101527400000,all ages
B1301794500000,16
B1201590900000,14
B1302000200000,12
B1201660700000,
B1301990000000,12
E1600161300000,14
E1600190900000,18
E1600177200000,14
E1500782300000,12
E1600172200000,16
E1600161200000,16
E1500701000000,all ages
E1600191500000,12
E1600563000000,12
E1600159700000,14
E1600170700000,16
B1301927900000,16
B1201686600000,10
B1201682700000,14
E1500107000000,16
B1301760500000,12
E1600232900000,10
E1402596100000,12
E1500839500000,16
B1301968400000,12
E1500841500000,12
B1201704900000,12
E1500835900000,16
E1500927600000,16
E1600133000000,10
B1201574300000,14
E1600159400000,14
B1301924200000,12
E1402442200000,14
B1302008300000,10
E1500285300000,all ages
E1500499400000,14
E1600149300000,14
B1301803100000,16
E1500842700000,12
E1500761100000,14
E1600134300000,12
E1600140300000,14
B1301783300000,16
E1500412500000,16
B1301983400000,all ages
B1201696900000,14
E1402714200000,16
B1201603300000,10
E1500499200000,16
B1402090800000,all ages
E1600149600000,14
B1301755800000,all ages
E1402516600000,12
E1500836000000,12
E1600234500000,14
B1301795000000,14
E1500095600000,12
E1402644700000,14
B1301945700000,10
E1500843800000,12
B1301904700000,all ages
E1500620500000,12
B1201582200000,12
E1500692600000,12
E1600589300000,16
E1600389600000,16
E1500412900000,10
E1600140900000,12
E1600161100000,16
E1500097000000,14
E1600159300000,12
E1500259200000,10
E1402578900000,14
E1402520100000,14
E1500349000000,12
E1500624200000,14
B1201703500000,10
E1600137500000,16
E1500499600000,14
B1301731400000,14
E1600141200000,12
B1201583500000,all ages
E1600145400000,16
E1600179500000,18
E1600137400000,14
E1600148800000,12
B1201652800000,12
E1600161500000,12
E1500411000000,14
E1500600000000,16
B1201671900000,all ages
E1500523800000,16
E1600140800000,16
E1500499800000,all ages
B1302026800000,
E1402579300000,14
B1201659100000,all ages
B1301835500000,12
B1301940000000,12
E1500491100000,14
B0901022000000,14
E1402520000000,all ages
E1500936000000,14
B1301940300000,12
B1301743100000,10
B1301808100000,12
E1600140200000,12
B1301864200000,all ages
B1301873000000,14
E1600149100000,12
B1201672800000,12
B1201709400000,14
B1101483900000,16
E1600172100000,14
B1101491600000,all ages
B1201659800000,16
B1201677000000,12
B1301906100000,14
B1101490600000,14
E1600171500000,14
E1600179100000,14
E1500839800000,14
B1301760600000,all ages
E1600144600000,14
B1201693000000,12
E1500106300000,14
E1600159100000,14
B1301837200000,12
E1600144900000,16
B1201626900000,12
E1600190100000,12
E1500325200000,10
B1301887000000,16
E1600172400000,14
E1600190800000,14
E1500165000000,14
E1500100000000,12
E1500258900000,12
E1600557400000,14
E1500523900000,14
B1301898100000,12
E1600171900000,12
E1600159500000,16
E1500841600000,12
E1500171800000,18
E1600188600000,14
E1600229100000,12
B1101445400000,12
B1301806500000,12
E1600234800000,12
B1201636000000,14
E1600186700000,14
E1402707400000,all ages
B1301816900000,10
E1600189900000,14
B1201698500000,16
E1500500000000,all ages
B1301930900000,14
E1500782600000,14
E1600189000000,14
E1600188400000,14
E1600229000000,12
E1600149200000,14
E1402546900000,14
E1402516400000,12
E1600188300000,16
B1301781700000,14
B1101505000000,10
E1600140700000,all ages
E1500616800000,16
E1600026800000,14
E1500588700000,all ages
E1500410200000,14
E1500620600000,12
E1600149000000,12
E1402516200000,14
E1500547000000,12
E1500839200000,all ages
E1600228900000,16
E1600191100000,all ages
E1600129600000,all ages
B1301824300000,12
E1500413200000,16
E1500652700000,12
E1600191300000,14
B1301740400000,all ages
E1500425000000,all ages
E1500410100000,12
E1500676900000,10
E1600178700000,18
B1301772600000,10
B1301936500000,all ages
B1301803700000,all ages
E1600140100000,10
B1201652700000,10
B1301743300000,all ages
E1500541300000,14
E1402624700000,12
E1402520300000,12
B1301784200000,10
B1101519300000,14
B1301823200000,
E1500652800000,all ages
E1600233000000,14
E1500379800000,all ages
E1600160900000,14
B1301925900000,10
B1101493300000,16
B1101438100000,16
E1500411100000,16
E1600139900000,14
E1500434600000,14
E1600177300000,14
E1600621600000,14
E1600161600000,all ages
B1302007900000,all ages
B1301963900000,all ages
B1301898000000,14
E1500576500000,14
B1301917000000,all ages
B1201698400000,16
E1500676800000,16
E1500498800000,14
E1500619600000,18
E1500413300000,12
B1301969600000,14
B1301836900000,14
E1600190000000,16
E1600623600000,
E1600186300000,16
B1301776900000,16
E1500513100000,14
B1201682600000,all ages
E1600144700000,14
B1301888400000,14
E1500524500000,18
B1301773400000,14
B1301808000000,10
B1101521000000,16
E1600120700000,all ages
B1201639800000,14
B1301712200000,all ages
E1500065400000,14
E1402825400000,14
B1301947600000,16
E1600664400000,14
E1500842600000,14
E1600160600000,14
E1500522000000,14
E1500692500000,10
E1500781600000,all ages
E1600190700000,all ages
E1500411300000,14
B1301981200000,all ages
B1101372000000,16
E1600145600000,14
E1600189100000,14
E1500616700000,12
E1500383300000,all ages
E1402435300000,12
E1402396500000,10
E1402752100000,14
E1500522100000,18
E1600177100000,12
E1600159800000,12
E1500411200000,12
E1600132700000,16
E1500842800000,12
E1600139700000,18
E1500452500000,all ages
E1500841900000,12
B1201580500000,12
E1500762300000,12
E1600159900000,18
E1402606300000,14
E1600146000000,16
E1600159600000,all ages
B1301733000000,12
B1301979600000,all ages
E1402488400000,12
B1301769500000,14
E1500715900000,12
E1402668000000,14
E1500282900000,14
E1500522200000,12
B1201667800000,all ages
E1500522300000,10
E1402440000000,14
B1402089200000,10
E1402414300000,14
E1402441600000,14
E1500110200000,16
E1600129700000,14
E1600137200000,14
E1402795100000,10
B1402098200000,16
E1402766600000,12
B1301869200000,12
E1402308800000,12
E1500409900000,14
E1402769300000,12
B1302020900000,14
E1500706900000,12
E1500546800000,10
E1402823000000,10
E1402552800000,14
B1402149200000,10
B1402217800000,all ages
E1600119100000,12
E1402302700000,all ages
E1402627600000,all ages
E1500409800000,14
E1500844400000,all ages
E1500738800000,10
E1600133500000,12
E1402642300000,10
B1402723400000,16
B1301910400000,14
B1402070900000,12
E1500635500000,14
B1302034700000,14
B1301902100000,16
E1402379500000,12
B1402145600000,16
E1600113700000,16
E1600132900000,12
E1402552700000,16
B1402081900000,16
E1402794900000,all ages
B1301944100000,10
E1500046300000,14
E1402445100000,14
E1500565800000,12
B1402080700000,all ages
B1201629200000,all ages
E1500528500000,14
E1402417100000,12
E1402445300000,14
E1402674000000,14
E1500094100000,14
E1500667800000,14
E1600113000000,14
B1301732600000,14
E1500009200000,12
B1402480200000,16
E1402380000000,all ages
E1500735300000,all ages
B1402521900000,all ages
E1402637100000,12
E1500669000000,all ages
E1402550400000,12
E1500616600000,10
B1301874500000,10
E1402489400000,14
E1500668000000,12
B1301880900000,12
E1402337700000,all ages
E1600070500000,
E1600070000000,all ages
E1600070600000,
E1500706800000,14
E1500673600000,18
B1402117800000,12
E1500844600000,14
B1402300400000,16
E1600133100000,14
E1402379100000,14
B1402203900000,all ages
E1500184300000,16
E1402436400000,12
E1600113100000,12
E1600130000000,all ages
E1402390300000,
E1402820700000,12
B1402141800000,14
B1402148600000,14
E1500880200000,10
E1600230400000,12
E1402441000000,16
E1500734400000,all ages
B1301902700000,12
B1301999100000,12
B1402145700000,14
B1302055400000,12
E1500844100000,10
E1600137600000,12
B1101349700000,10
E1402505700000,10
B1402172000000,12
E1600133600000,12
E1402425800000,16
E1500090200000,12
B1402183000000,10
E1600112700000,10
E1402640000000,14
B1402150700000,12
B1402161500000,all ages
E1402379600000,14
E1600129200000,14
B1302036500000,14
E1500623300000,10
B1301938500000,12
B1201696800000,all ages
B1402086200000,14
B1301935400000,12
E1600106500000,14
E1500842500000,10
B1402593100000,all ages
B1301763500000,14
E1500197000000,14
E1500147300000,14
E1500010700000,all ages
E1500841400000,12
E1500432400000,14
E1402415700000,12
E1500922200000,all ages
E1600120200000,14
E1402601500000,16
B1101402500000,12
E1402836900000,14
B1302053000000,14
B1402159100000,14
E1500131100000,16
E1500258800000,12
E1600134800000,14
E1500676400000,14
E1402418300000,12
E1600227400000,12
E1600119300000,18
B1402146400000,18
E1402325900000,14
E1402324100000,14
E1500402600000,16
B1402094700000,12
E1402389500000,16
E1600114700000,12
E1402706800000,14
E1402377800000,10
B1402269700000,12
E1402380500000,all ages
E1600118800000,all ages
E1402600300000,16
E1500666600000,14
E1402631100000,12
B1302053700000,12
E1500065300000,12
E1402450800000,10
B1402406800000,10
B1402233800000,14
E1402650600000,12
B1101366000000,12
E1402743700000,12
E1402696900000,14
B1301938400000,16
B1402107400000,14
E1402432300000,14
E1600157900000,18
B1402115000000,16
B1402176400000,12
E1402743500000,10
E1600228300000,all ages
E1402672400000,10
E1600161400000,14
E1500410700000,all ages
B1301810400000,16
B1402243500000,12
B1302057500000,12
E1402315000000,12
E1402856200000,16
E1600113800000,14
E1600069900000,
E1402324200000,16
E1600120000000,12
B1402543500000,12
E1402627700000,12
E1600079200000,12
E1500120000000,10
B1402126100000,14
E1600607500000,14
E1402596300000,14
E1500806400000,12
B1402261200000,all ages
B1001288800000,12
B1201544500000,10
E1500045200000,12
E1600108000000,14
E1402435900000,14
E1500546500000,14
B1302041800000,12
E1500844700000,18
E1402385800000,16
E1402514300000,18
B1302050600000,12
E1402641600000,12
B1402380600000,14
E1600119000000,14
E1600111100000,12
B1402201100000,16
E1600144800000,12
E1402820800000,12
E1500381600000,18
E1402444100000,18
E1402743600000,14
E1402744600000,12
E1402510400000,14
E1402544000000,12
E1402429000000,16
E1402378600000,14
E1600108200000,16
E1402433000000,12
E1500651100000,16
B1402260600000,12
B1402192100000,12
E1500669300000,12
E1402358700000,all ages
E1402461600000,12
E1500673700000,12
E1402782200000,12
E1402445200000,12
E1500194000000,14
E1402414500000,16
E1600117500000,12
E1500401800000,16
E1600119900000,14
E1402397700000,14
E1402432700000,14
E1500325300000,all ages
E1600120100000,16
E1500119000000,14
B1301996600000,14
E1600135100000,12
E1600120300000,14
E1402451000000,12
B1402214200000,14
E1500046200000,14
E1500009100000,12
E1600106400000,all ages
E1500146700000,12
B1301926100000,16
E1500825300000,18
E1500432500000,12
E1402786400000,14
E1500528900000,14
B1301989000000,all ages
B1402175100000,all ages
E1500090300000,16
B1402139200000,10
E1500670400000,12
E1600114400000,12
E1600114900000,10
E1402674700000,16
E1600133200000,12
E1500365400000,10
B1402245600000,10
B1402693700000,12
E1500410400000,14
E1600110900000,12
E1500681800000,14
B1402682900000,all ages
E1500054700000,18
B1302060500000,12
E1500091700000,all ages
E1402436300000,14
B1402155300000,all ages
E1402623500000,14
B1402192700000,14
E1402373000000,all ages
B1402271000000,10
B1402150900000,12
E1600117700000,14
B1402137200000,14
E1402602700000,14
E1402642100000,all ages
E1500651300000,16
E1402447100000,14
B1402118500000,18
E1500045500000,12
E1500670000000,14
B1001167100000,16
E1500844500000,14
E1500844000000,12
E1600120400000,10
E1402397400000,12
E1500661700000,14
E1402436500000,14
E1500670300000,14
B1402146300000,14
E1500843900000,14
E1600113900000,14
B1302031600000,12
E1500432300000,12
E1402513400000,
E1500168800000,14
E1402303500000,all ages
E1402691100000,12
E1500251900000,14
B1301939800000,all ages
E1402667700000,all ages
B1402186400000,14
B1402269500000,12
B1302034400000,14
B1201628900000,12
E1600129100000,14
E1600148700000,all ages
E1600106800000,14
B1402106900000,12
E1402424400000,16
E1500873300000,14
E1402673400000,12
E1402642500000,14
E1600107800000,16
B1402173200000,12
B1301754000000,all ages
E1500009500000,12
B1402151100000,12
E1402856300000,12
E1402397600000,16
E1402433300000,18
E1600112400000,16
B1302014400000,12
E1500566800000,12
B1402285000000,14
B1402202200000,12
B1402635200000,all ages
B1402178100000,all ages
E1500410500000,all ages
E1402693400000,16
B1402168700000,12
B1402280500000,16
E1600119200000,all ages
E1500844200000,12
E1500445500000,12
E1402445700000,12
E1402417200000,12
E1600129500000,14
B1402294200000,14
B1402332500000,12
E1600107200000,12
E1500411500000,16
E1402650700000,14
E1500617100000,12
E1500261900000,14
E1600106700000,12
E1500259000000,12
E1600119400000,10
E1402596200000,14
E1500667600000,10
E1500074900000,12
E1500178000000,all ages
B1402065100000,16
E1500842400000,10
E1600112800000,14
E1500711200000,14
E1600112500000,14
E1402601200000,14
E1402362500000,14
E1402451400000,12
B1402449000000,12
E1402363700000,12
E1600112600000,12
E1402543900000,10
E1600110500000,12
B1402265700000,14
B1402156100000,14
E1500050700000,16
B1402241100000,12
E1600119800000,14
E1500054100000,12
E1600111000000,all ages
E1500635600000,14
E1500711100000,12
E1500578100000,12
E1402421500000,16
E1402821000000,12
E1402444600000,10
E1402826800000,all ages
E1500054300000,12
E1600114800000,16
B1500311000000,16
E1500485800000,14
E1500112900000,14
E1402714400000,10
E1500212300000,14
E1500640300000,12
B1500723200000,10
E1500620700000,14
E1500347600000,all ages
E1500720000000,14
B1402159000000,16
E1500086600000,14
E1500485900000,16
E1500302100000,10
E1500399600000,16
E1402626800000,16
E1500311500000,12
B1500554400000,12
E1500234500000,14
B1402125800000,12
E1500622700000,14
B1500591500000,16
E1500366900000,14
E1500403500000,
B1402133800000,16
B1201643000000,14
E1500742700000,12
E1500133800000,12
B1402730900000,all ages
E1500375500000,12
E1500904100000,14
E1402787200000,14
B1500105700000,all ages
E1500627300000,14
E1500901000000,16
E1500627400000,16
E1500918500000,14
E1500121900000,14
E1402505800000,10
E1500809900000,10
E1500485500000,12
B1500265900000,10
B1402781000000,12
E1500485700000,14
E1402767400000,14
E1402548600000,16
E1600140400000,10
E1500584000000,16
E1500116000000,16
B1001197000000,16
E1500813800000,all ages
E1500617000000,16
E1500716200000,16
E1402548200000,14
E1500640200000,16
B1402446800000,14
E1500626100000,14
E1500702700000,
B1402543600000,14
E1402627100000,all ages
E1402767700000,14
E1600010300000,16
B1402089600000,12
B1500713000000,10
E1500344700000,all ages
E1500069600000,12
E1500800700000,10
E1500806100000,14
E1500717600000,14
B1402219600000,14
B1500904200000,14
E1500662800000,14
B1500451800000,
B1500801000000,16
B1500276200000,
E1500772500000,10
E1500036600000,12
E1600070100000,
E1600070400000,all ages
E1600070200000,all ages
E1600070300000,all ages
E1500803600000,all ages
E1500270800000,16
B1402718400000,18
E1500486000000,14
B1402710300000,14
E1500254600000,12
E1402548300000,10
B1500840400000,12
E1402566700000,12
B1500712100000,all ages
E1500325000000,all ages
E1402766900000,16
E1500587700000,
E1402756400000,all ages
B1402653000000,12
E1402377500000,14
E1500073800000,all ages
E1500305300000,14
E1500224000000,12
B1500340300000,14
B1500315900000,10
E1402545300000,12
B1402391100000,12
E1402765300000,16
E1500628900000,14
B1500453100000,all ages
B1402131600000,14
E1500844300000,all ages
B1500018400000,12
B1402144900000,12
B1402259600000,12
E1500132700000,16
B1001208900000,14
B1500777500000,10
B1402144800000,14
E1500387500000,12
E1500085600000,all ages
E1402627400000,16
B1500743500000,14
E1500163300000,12
E1500239800000,14
E1500662700000,14
B1500399800000,18
E1402627000000,16
E1500187800000,14
E1500245200000,16
E1500396700000,12
B1500671700000,10
E1500577300000,14
B1402209700000,12
E1402806300000,14
B1402082600000,16
B1500344400000,14
E1500752900000,14
E1500558200000,all ages
B1500335800000,12
E1500351400000,all ages
E1500100200000,16
E1500836300000,14
B1402480100000,14
E1402314400000,12
E1500700500000,12
E1500099800000,12
E1500173500000,14
E1500387600000,10
B1500422800000,14
E1402625400000,14
E1500697000000,
E1402717000000,16
B1402117400000,12
B1500818400000,10
E1402836800000,14
E1500306200000,12
E1500366800000,16
B1500558500000,14
B1500183700000,14
B1402246600000,14
E1500558300000,16
B1302013600000,14
E1500825600000,10
E1500484700000,12
E1500185400000,14
E1500531100000,16
E1500404100000,12
B1101456300000,12
E1500447500000,10
E1500493100000,14
B1500186700000,12
E1402767300000,12
E1402566800000,14
E1500099000000,14
E1500348100000,14
E1500348000000,
E1500708200000,16
E1402513200000,16
E1500360900000,14
E1402547900000,14
E1500220000000,14
E1402747300000,14
E1500485600000,10
E1500656800000,12
E1500015800000,10
E1402550000000,
B1402202100000,
B1402218500000,12
E1402548700000,14
B1500543600000,all ages
E1500708900000,12
B1402195100000,18
E1500617300000,16
B1301899200000,10
E1500434100000,14
E1500406600000,12
E1500334400000,16
E1500485400000,all ages
B1301730400000,10
B1500585700000,all ages
E1500477700000,12
B1402378700000,14
B1402071500000,16
E1402627200000,14
B1201663300000,10
E1500725100000,14
E1402806000000,12
E1500174200000,14
B1500575600000,12
E1500558000000,12
E1500198600000,12
E1500672400000,12
E1500390500000,all ages
E1500311700000,12
E1500073500000,16
E1402548000000,all ages
E1402763500000,12
E1500772800000,14
E1500558100000,14
E1402433100000,14
B1500543200000,12
E1402767100000,16
B1500224200000,12
B1402704900000,14
E1500589200000,18
E1500268700000,16
E1500310700000,14
E1500846400000,16
E1500254700000,16
E1500367600000,16
E1500814300000,10
E1402302900000,16
E1500065500000,all ages
E1500176700000,12
E1500617400000,14
B1402475600000,14
B1402250900000,
B1500257500000,14
E1500011100000,12
B1500437700000,12
E1500069800000,16
B1201696600000,12
E1500753000000,10
E1500376900000,12
E1500311600000,all ages
E1402447200000,all ages
E1500198500000,14
E1500406500000,14
E1500741300000,12
E1500015700000,12
B1402201200000,14
B1402825200000,10
E1500691500000,16
E1500481900000,14
E1500142100000,14
E1500445600000,12
E1500022900000,14
B1500543700000,16
E1402739400000,14
B1101348800000,all ages
E1500511800000,14
E1500103300000,16
E1402825900000,10
E1402763600000,16
E1402805900000,12
E1500567800000,12
E1402747600000,14
E1402760300000,12
B1402391600000,12
E1500086500000,16
E1500748700000,18
E1500395700000,10
E1402513300000,16
E1500796900000,16
E1500622900000,16
E1500377100000,all ages
E1500245300000,14
E1500173300000,12
E1500247800000,12
B1500177000000,12
E1402714500000,16
E1500313400000,14
B1500193000000,14
E1402380300000,14
E1500254800000,all ages
B1402667500000,12
B1301987400000,16
E1500242400000,16
E1500161000000,16
B1500149400000,14
E1500212900000,14
E1500287700000,12
E1402769500000,14
E1402629800000,12
E1402765400000,10
E1500751300000,12
E1500340900000,all ages
E1500583300000,
E1500306800000,12
E1500817500000,12
E1500241500000,16
E1500729900000,all ages
B1301872000000,12
E1402769900000,12
E1500567600000,all ages
E1402767500000,14
E1500132800000,12
E1500347700000,
B1301871900000,14
E1402767600000,14
E1500672300000,12
B1402197800000,12
B1500768500000,all ages
E1402548100000,16
B1402689400000,12
E1500652900000,14
B1402156500000,12
E1500626200000,14
E1500689000000,12
B130174300000,
B1500701300000,14
B1500868700000,14
B1500448600000,12
B1500672000000,16
E1500617800000,12
E1500640100000,12
B1402275800000,14
E1500241600000,12
E1500150600000,all ages
B1402108000000,14
B1302041500000,14
B1500823700000,10
B1402408400000,10
E1500709000000,12
E1500477800000,14
E1500798400000,12
E1500752700000,12
E1500245400000,16
E1500113000000,12
E1500398700000,14
E1500459000000,14
E1500636800000,18
B1402089400000,12
E1402358200000,14
B1301942700000,all ages
B1500592000000,all ages
E1500734800000,14
E1500732900000,12
B1500339400000,14
E1500617500000,12
B1402122500000,12
B1500189400000,14
E1500684400000,10
B1500689300000,12
E1500311800000,10
E1500234600000,12
B1500138300000,14
E1500617600000,12
E1500242500000,12
B1500309900000,12
E1500163400000,12
E1500423000000,12
E1500743300000,10
B1301916500000,16
B1500585100000,12
E1500462700000,12
E1500850600000,18
E1500299900000,14
B1402719200000,14
E1500736500000,12
E1500122000000,14
E1500459300000,
E1500398300000,12
E1500484600000,14
B1301943500000,14
E1500043800000,16
E1500466400000,12
B1402131500000,14
E1500186800000,10
E1500650300000,12
B1500778300000,14
E1500752800000,10
E1500377200000,12
B1500740900000,all ages
B1402237400000,16
B1402133100000,16
E1402566600000,14
E1500376800000,16
E1500058100000,14
E1402473300000,14
E1500740600000,12
E1500278400000,12
E1500307000000,14
E1500324900000,all ages
E1500490400000,16
E1402627500000,14
E1402739100000,16
E1500261700000,12
E1500482300000,14
E1500434800000,14
B1500014400000,14
E1500019600000,12
E1500738500000,12
E1500674900000,16
E1500219200000,12
B1500091200000,14
B1500071300000,all ages
E1500829300000,10
E1500451000000,16
E1500105300000,14
B1500290200000,10
E1500682900000,12
E1500363400000,12
B1500388000000,all ages
E1500281700000,10
E1402568600000,
E1402547800000,14
E1402823700000,all ages
B1500855000000,all ages
E1500277300000,10
E1500187100000,18
E1500772600000,16
E1500690800000,14
E1500198700000,14
B1402215300000,12
B1500150200000,12
B1402277500000,16
B1500218600000,12
E1500268600000,14
B1402326200000,
E1500069100000,14
E1402826000000,12
E1500146900000,14
E1500113100000,14
E1500278300000,14
E1500398800000,14
E1500015900000,12
E1500493200000,10
B1402229600000,10
E1500187900000,12
E1500147400000,all ages
E1500447600000,16
B1500654500000,12
B1301949900000,all ages
E1500161300000,14
E1402739300000,18
E1500821400000,12
E1500636900000,16
E1500563200000,12
E1500352700000,12
E1500729400000,14
E1500574000000,10
E1500482000000,12
E1500147500000,12
E1500170200000,12
E1500422200000,12
B1402831700000,
E1600733800000,16
E1500921300000,14
E1600539500000,14
B1600603300000,all ages
B1600422600000,
E1500729000000,12
E1500825900000,10
E1600077500000,12
B1500400500000,16
E1500787100000,16
E1700028800000,10
E1600279200000,14
E1600054800000,16
E1600279000000,12
B1402372600000,14
E1600651300000,10
E1600182700000,all ages
E1600009500000,12
B1600109600000,16
E1500922300000,16
E1500729100000,14
E1600316100000,14
E1600501000000,14
E1500835100000,14
E1600350200000,10
E1600337500000,14
E1600170600000,14
E1600251800000,12
E1402548900000,all ages
B1600296800000,12
B1402307700000,14
E1600452500000,12
E1600586900000,14
B1600084400000,18
E1600489800000,14
E1600354900000,16
E1600003400000,12
E1600548400000,14
E1600290700000,10
E1500720500000,10
E1600009700000,12
E1600187800000,16
E1600745700000,14
E1600350300000,14
E1700029900000,16
E1600362100000,12
E1500742800000,14
B1500404600000,16
B1600275900000,
E1600362200000,14
E1500750900000,14
E1600259100000,all ages
E1600385800000,10
E1600438100000,10
B1600032100000,12
E1500900300000,12
B1600070900000,14
E1500732000000,all ages
E1600631400000,12
E1600499700000,16
E1500613900000,16
E1600733000000,16
E1500818900000,14
B1600096000000,12
B1600478600000,16
B1500711700000,
E1600491200000,all ages
E1600539600000,14
E1600794100000,14
E1600794200000,12
E1600158400000,12
E1600265600000,10
E1600457200000,14
E1500709200000,all ages
E1600077100000,14
B1500873900000,14
E1500819000000,14
E1500734300000,12
E1600508500000,all ages
E1500799900000,all ages
E1600053700000,12
E1600304800000,14
E1600642100000,10
E1600483800000,12
E1600711700000,12
E1600412700000,14
B1500392400000,16
E1600003300000,16
E1500819800000,14
B1500798600000,16
E1500913400000,14
E1600508200000,10
B1600405900000,14
B1600750900000,
B1500169500000,10
B1600342000000,all ages
E1500900400000,12
E1600500700000,12
E1500781700000,14
E1600496600000,10
E1600478000000,16
E1600401400000,12
B1500344800000,10
B1500542500000,14
E1500800000000,all ages
E1600129800000,12
E1600496400000,14
E1500846300000,14
B1600352700000,all ages
E1600156400000,12
E1500735700000,12
E1600405300000,all ages
E1600102500000,12
E1600258200000,12
B1600306000000,14
E1600278500000,14
B1600529400000,10
E1500735400000,14
B1600640900000,12
E1500898300000,14
E1500875700000,12
E1500858400000,14
E1600721900000,16
E1600413600000,14
E1600045600000,12
E1600019300000,10
B1600685500000,all ages
E1500858100000,12
E1600660700000,14
B1600651600000,14
E1600249800000,14
E1600380400000,16
B1600192300000,12
E1600710500000,14
E1600045700000,16
E1600068800000,14
B1600599600000,14
E1500822900000,14
E1600488000000,16
B1600648800000,all ages
E1600654500000,12
E1600055700000,14
B1600454400000,12
E1600183100000,all ages
E1600008900000,12
E1500902900000,14
B1600012800000,all ages
E1402740500000,16
E1600098100000,14
E1600174000000,14
E1600251900000,12
E1600309600000,14
E1600482800000,12
E1600692700000,16
B1600532800000,12
E1500818800000,14
B1402633700000,12
B1600680100000,14
E1600499500000,16
E1600328500000,12
B1600107600000,14
B1600355900000,12
E1500147200000,all ages
B1600305100000,10
B1600064700000,14
E1600451700000,10
E1600434700000,12
E1600489400000,16
B1500865900000,16
B1402818800000,16
B1402091800000,14
E1600743600000,12
E1500744900000,16
E1600061100000,12
E1600257900000,10
E1600165500000,12
B1500636700000,12
E1600657800000,12
E1600347300000,10
E1600410900000,12
B1500699400000,10
B1600736900000,all ages
E1500513800000,12
B1500405100000,12
B1600116800000,
B1500496500000,16
B1500283900000,all ages
E1600488400000,14
E1600273400000,all ages
B1600476600000,all ages
E1500824800000,14
B1301956300000,14
E1500926100000,10
E1600452400000,12
E1600225900000,12
E1600139200000,16
E1600182600000,12
E1600642200000,14
E1500749200000,14
E1500933000000,14
E1600515800000,12
E1600677200000,14
B1301798200000,14
E1600342300000,14
E1600573400000,16
E1500729300000,16
E1600733400000,14
B1600187400000,all ages
E1600226000000,14
E1600497300000,14
E1500735200000,14
E1700035700000,12
B1600421600000,16
E1600294900000,16
E1500821900000,10
E1600356700000,14
E1600342200000,14
E1500748200000,10
E1600046400000,all ages
E1600403200000,14
E1600561300000,14
E1600497600000,12
E1500271100000,14
E1600082400000,12
E1600457000000,14
E1600432500000,14
B1600564300000,14
B1600416100000,16
B1600442200000,12
E1600086900000,14
B1600294500000,14
E1500800600000,14
B1402855900000,14
B1600624200000,14
E1600312100000,14
B1600314300000,all ages
E1600097400000,18
E1600717600000,all ages
B1500651700000,14
E1600105900000,14
B1600280000000,10
E1600231500000,16
E1600465800000,18
B1600033400000,16
E1600438200000,10
B1600200900000,12
E1600457100000,14
E1600625100000,10
E1600661500000,12
E1500735000000,10
B1600382500000,all ages
B1600716500000,12
E1600127500000,10
E1500660600000,10
E1600386800000,16
B1600716200000,12
B1500661200000,14
B1402347100000,14
E1600708900000,14
E1600258000000,12
E1600395200000,12
E1600742600000,12
B1600656600000,14
E1600311200000,14
E1600750200000,14
E1600397100000,12
B1500257400000,
E1600642500000,12
B1402652900000,12
E1600578900000,14
E1500918600000,all ages
B1600109200000,12
E1600548300000,14
E1600013200000,all ages
B1500899000000,16
E1600339800000,12
B1600047500000,10
E1600194600000,12
E1500839400000,10
E1600310100000,14
E1600054200000,14
B1600585600000,12
B1600690400000,12
B1402130700000,14
E1600357800000,12
E1500739200000,all ages
E1600404900000,all ages
E1500840700000,12
E1500739300000,12
B1600227000000,12
E1500898500000,12
B1600094200000,all ages
E1600533600000,14
E1500846800000,14
E1600193200000,12
B1600041400000,14
E1600187900000,12
B1600100300000,12
E1500728900000,14
B1600713100000,12
E1402548400000,14
E1500829500000,10
B1402235800000,10
E1500745700000,14
E1600386100000,12
E1600674500000,12
E1500900200000,12
E1600723600000,16
E1600395300000,12
E1600046000000,14
E1600147900000,10
E1600372400000,12
B1301988900000,all ages
E1600156300000,14
E1600061400000,14
E1600518100000,14
E1600003500000,14
B1500837400000,10
E1600328400000,12
E1500901100000,14
E1500739500000,14
E1600597600000,14
E1600674200000,14
E1600193900000,12
E1500829800000,16
B1600408200000,12
B1600567900000,12
B1500150300000,14
B1600500300000,16
E1600488200000,14
E1600239200000,10
B1500452100000,10
E1600435100000,10
B1500897000000,14
E1600138600000,12
E1600139100000,10
B1600710700000,12
B1600514100000,14
E1600118600000,10
E1500729200000,12
E1600105700000,14
E1600395400000,16
E1500846700000,14
E1600346300000,12
B1600036400000,12
B1402391300000,14
E1500857700000,18
B1600341800000,12
B1600280100000,14
B1402524100000,all ages
E1500750000000,14
E1500819900000,12
E1600096900000,14
B1600602000000,10
B1500177200000,14
E1600597800000,12
B1600358100000,10
B1600294100000,16
E1500822100000,14
E1600291900000,all ages
B1600530200000,10
E1600369600000,14
E1500745000000,all ages
B1600494700000,
B1600264400000,14
B1600368700000,14
B1600517400000,14
E1500828700000,14
E1600258900000,all ages
B1500399400000,14
E1600252000000,14
E1600683800000,14
B1500562100000,all ages
B1600466200000,
E1600349900000,12
E1600539700000,10
B1600017500000,14
E1500737700000,12
B1500899800000,14
E1500717300000,14
E1600663000000,12
E1600311400000,12
B1500475400000,12
E1600226500000,12
E1600122000000,14
E1600729500000,14
B1600337700000,14
B1500866700000,all ages
E1600648600000,16
E1500746400000,14
E1600712800000,12
B1402254300000,12
E1600360800000,all ages
E1500834100000,all ages
E1600648000000,12
B1600685000000,14
E1500720200000,12
E1500703500000,10
E1600413300000,12
E1500720400000,10
E1600556800000,14
E1500772700000,14
E1600533500000,10
B1600603400000,14
E1500876500000,16
B1500861900000,16
B1600765000000,all ages
E1600312400000,14
E1600323700000,all ages
E1500900900000,16
B1600043800000,12
B1500496600000,16
B1500269700000,12
B1500754900000,10
E1600394800000,all ages
E1600148400000,14
E1500925200000,12
E1500269900000,12
E1600285900000,14
E1500846600000,14
B1600083900000,14
E1500313500000,12
E1600277800000,12
E1600366300000,16
E1600072600000,14
E1600473000000,14
E1600432000000,12
E1600456800000,14
E1500744200000,14
E1600481600000,14
E1500720300000,12
B1402301100000,14
B1600436900000,12
B1600011000000,14
E1600144000000,14
B1600305700000,12
B1600067600000,12
B1500870400000,14
B1500489800000,16
E1600346200000,12
B1600439700000,16
E1600382000000,10
E1600215800000,
E1600096800000,14
E1600713200000,14
E1600517100000,14
E1500735800000,16
E1600046500000,12
E1700085700000,12
E1500739800000,12
E1500558400000,14
B1500407700000,all ages
E1600181600000,12
B1402372200000,10
B1600019500000,12
E1500920900000,12
B1600036800000,14
E1600038400000,all ages
E1700444000000,12
B1700538300000,
E1700363400000,14
E1700380500000,12
E1700225900000,14
E1600788000000,14
E1600678400000,all ages
E1600795300000,10
E1700059700000,12
B1600181500000,12
B1600439300000,14
E1600763400000,18
E1600766700000,16
E1600346400000,14
E1700366100000,all ages
B1500334900000,all ages
E1700165900000,16
B1700505300000,18
B1600630700000,14
E1600684300000,12
E1700430900000,12
E1700224600000,14
B1402263600000,12
B1600585400000,14
E1500758300000,12
E1700458400000,12
E1700035100000,14
E1600770100000,14
E1700242300000,10
B1700428000000,all ages
E1600735200000,12
E1700346500000,14
E1700136000000,12
E1500758800000,12
E1700469200000,12
E1700468200000,all ages
E1700438800000,12
E1700165300000,16
E1600689600000,14
E1600575800000,all ages
B1600439400000,14
E1500756500000,12
E1700525300000,12
E1700279800000,10
E1700021700000,10
E1700279300000,14
E1700105600000,14
E1700440500000,16
E1700055900000,12
E1700173300000,14
E1700364000000,14
E1700072700000,12
E1700503800000,14
E1600699500000,14
E1600791600000,16
B1700162000000,12
E1700368800000,14
E1700406600000,14
B1700175000000,12
E1600753600000,14
B1600780500000,14
E1700194500000,14
B1600245600000,16
E1700175200000,12
E1700219700000,14
E1700543000000,14
E1700021100000,18
B1700255500000,10
E1600488900000,all ages
E1600783900000,14
E1700192500000,all ages
E1700503600000,all ages
E1700180000000,all ages
B1500572900000,all ages
B1700054400000,14
E1700118300000,12
B1500314300000,
E1700321900000,12
E1600517900000,12
E1700487600000,12
E1600774400000,16
E1700371400000,14
E1600757700000,16
E1700215100000,16
B1600770800000,12
E1700467800000,12
E1700221900000,14
B1600752300000,
E1600769400000,10
B1600750800000,12
E1700444500000,all ages
B1700330100000,16
E1700363300000,14
E1700440200000,16
E1700346800000,16
E1700418200000,12
B1500464600000,all ages
B1600041000000,all ages
E1600133300000,
E1700371000000,14
B1600737300000,12
B1402296800000,all ages
E1700019300000,16
B1402701900000,10
B1700227000000,14
B1500883200000,12
E1700229800000,all ages
E1600489000000,14
B1600332400000,14
B1700422600000,12
E1700408800000,12
B1700172000000,all ages
B1700410600000,all ages
E1500757600000,16
B1600502400000,16
E1700055000000,14
E1700484800000,14
E1700146300000,12
E1700416800000,12
E1700463500000,12
B1402289000000,14
B1700046100000,16
B1700119200000,14
B1700386500000,14
E1700224100000,12
B1500559900000,all ages
B1700537400000,10
B1700181500000,16
E1700453900000,18
B1700112000000,16
E1700047300000,14
B1600754800000,10
B1600058600000,all ages
B1700328500000,all ages
B1700258100000,all ages
E1700357700000,12
E1700295700000,14
E1700370700000,12
E1600488300000,12
B1700030400000,
E1700317500000,12
B1600287300000,14
E1700493700000,16
E1700024800000,14
E1700439300000,16
E1700177200000,all ages
B1600653900000,14
B1700244500000,12
B1600052200000,all ages
E1700408300000,12
B1500812200000,12
B1700045100000,12
E1600749600000,14
B1700477300000,16
B1700395900000,12
E1700303100000,14
E1700181800000,14
B1301945900000,
E1700467900000,12
B1600579200000,16
E1700085600000,16
B1600765100000,18
E1700499800000,14
E1700265100000,14
E1700181200000,12
E1500757900000,14
E1700366300000,all ages
B1402707600000,14
B1700466900000,14
E1700154200000,14
B1600690600000,12
E1700365900000,18
B1600163900000,
B1700243800000,16
B1600520300000,10
E1600763600000,all ages
B1600789900000,12
E1700046500000,12
B1600472500000,12
E1600489200000,12
E1700020600000,16
E1700295000000,12
B1700123200000,12
E1700451500000,10
E1700173200000,16
B1600708000000,14
B1700552000000,10
E1600489100000,10
E1700215200000,16
B1700052000000,all ages
E1600386300000,10
B1700236800000,all ages
E1700269900000,10
E1600764000000,14
E1700029400000,12
B1700524700000,12
B1700305400000,14
E1600706500000,all ages
B1600534400000,12
E1700300300000,all ages
E1700341600000,12
B1700454300000,12
B1700109600000,14
E1700019900000,12
B1600172700000,16
E1600735000000,14
B1402280900000,all ages
E1700463900000,16
B1700339700000,all ages
E1500759500000,12
E1700469100000,12
E1700056000000,12
E1700164700000,14
E1700032500000,12
B1700044000000,14
B1600685100000,12
B1500643000000,16
E1700378100000,
B1700381100000,16
E1700363900000,16
E1600784200000,14
B1700447200000,
B1700349800000,14
B1700092500000,14
E1700451200000,18
E1700011600000,16
B1600018100000,all ages
E1700522000000,14
E1700236500000,14
E1600774300000,16
E1700262000000,16
E1500758600000,12
E1600677400000,all ages
B1700077100000,12
E1700176300000,14
B1600764800000,14
E1700025200000,all ages
E1700366200000,all ages
E1700482600000,12
B1700382400000,all ages
E1600776400000,12
E1600773900000,16
E1700401000000,12
E1700438600000,14
B1500113300000,16
E1700534300000,14
E1700540500000,12
B1700268100000,12
B1700051900000,
E1700401100000,16
B1500315500000,
B1700347600000,12
E1600573600000,14
E1700465000000,12
B1700172800000,16
E1700011000000,16
B1700248200000,10
E1700441900000,10
B1600787700000,12
E1600651400000,12
E1600683100000,10
E1600646400000,10
B1700031200000,all ages
B1700050700000,12
E1500759400000,all ages
B1700231000000,10
E1700228600000,12
E1700007700000,10
E1700455600000,all ages
E1600750700000,14
E1600655200000,all ages
E1700276600000,16
E1700002000000,all ages
E1600788800000,16
B1600300000000,16
B1600420900000,14
E1700506000000,14
E1700057400000,14
E1700197900000,12
E1700408400000,all ages
E1700265500000,14
E1700453200000,12
E1700022100000,18
B1700386400000,14
E1700029000000,12
E1700175500000,14
B1700168200000,12
B1700396100000,14
B1700133700000,12
E1600721800000,16
E1700108100000,10
B1700264000000,10
E1700321000000,16
E1700219600000,14
E1600736500000,12
E1700369300000,16
E1700325600000,14
E1600561100000,14
E1700145100000,14
E1700079100000,12
B1700052200000,16
B1600363900000,
E1700113700000,14
E1700297900000,12
E1600386000000,12
E1700441400000,12
E1700215400000,14
E1700432800000,14
E1700053100000,12
B1700151900000,14
E1700453600000,14
E1700122300000,all ages
E1600489300000,10
E1600488500000,all ages
B1700045500000,12
E1600666200000,12
E1700153900000,16
B1700149200000,12
E1700517900000,14
E1700439600000,14
E1700091500000,12
E1700042400000,12
B1600773600000,14
E1700507600000,14
B1700220800000,all ages
E1700487100000,14
E1600773800000,all ages
B0700764400000,
E1700280700000,all ages
B1700103500000,14
E1700279900000,12
E1700321800000,10
E1700354100000,16
E1700180600000,all ages
E1700363600000,14
E1700111400000,12
B1700482200000,all ages
B1600480300000,12
B1700455300000,12
E1600489600000,12
E1700042700000,14
E1700393600000,18
E1700370800000,12
E1700263800000,12
B1700503500000,12
B1600784700000,12
B1302033700000,12
B1600738500000,all ages
E1500757200000,all ages
B1600785500000,12
E1700496000000,12
E1700068900000,14
E1600646100000,10
B1700533700000,12
E1600764200000,14
E1700180100000,12
E1700045900000,16
E1500750300000,12
E1700171200000,12
E1700491700000,16
B1600466500000,10
E1600444200000,10
B1700104200000,16
E1700270600000,12
E1700460300000,16
E1700054800000,14
E1700347000000,all ages
E1700021600000,12
B1700107400000,12
E1700182000000,14
E1700274700000,16
E1700491800000,all ages
B1700338000000,12
E1700465900000,12
B1600730100000,16
B1402301300000,all ages
E1700064600000,10
E1700486500000,16
E1700166000000,16
B1700422800000,16
E1600766800000,10
B1700178100000,all ages
B1700194400000,12
B1600243000000,14
E1600774000000,14
E1700170800000,all ages
E1500758500000,14
B1600547800000,12
E1700088800000,all ages
E1700280200000,16
E1700498100000,12
E1700280100000,14
B1600715000000,
B1700062100000,14
E1600489500000,14
B1700499500000,12
B1600757800000,12
E1600459600000,12
E1700368100000,16
E1600683600000,14
B1700602500000,
B1402740400000,12
E1700168100000,14
E1700372600000,14
B1700275000000,14
E1700042500000,14
E1700454000000,12
E1700132400000,12
E1700487000000,16
E1600576000000,16
B1600534900000,10
E1700206200000,14
E1700439400000,12
E1700328000000,16
E1600767100000,12
E1700505800000,16
E1700553900000,all ages
E1700229600000,12
E1700064200000,14
E1600519500000,14
B1600604900000,14
B1600403600000,16
B1600625200000,all ages
B1700581500000,all ages
B1700498000000,all ages
E1700023900000,16
E1700237900000,16
E1700299100000,12
B1600068000000,16
B1700477000000,all ages
E1700196200000,12
E1700360800000,14
B1600639200000,all ages
B1500408100000,14
E1700043500000,16
E1700114400000,12
E1700281500000,14
E1700063700000,12
E1700225800000,12
B1700177700000,all ages
E1700147400000,14
E1700223500000,12
E1700349600000,all ages
E1700328200000,14
E1700280800000,10
E1700443000000,12
E1700418300000,10
E1700114600000,16
E1700025400000,14
E1700313600000,12
E1600488100000,14
B1700051600000,14
E1700045600000,14
E1700549100000,12
B1600564100000,12
E1700049500000,14
E1700346900000,10
E1700057500000,14
B1700263500000,all ages
B1500916900000,12
E1600757200000,14
B1402296700000,12
E1700076600000,14
B1800380700000,14
E1800009300000,14
E1700453800000,16
E1700623600000,14
E1800119400000,14
E1800192400000,14
E1700617900000,12
E1800070800000,12
E1800136100000,all ages
E1800184400000,14
E1800243900000,12
B1800469700000,16
E1800415700000,16
E1800305800000,18
B1600756100000,14
B1600680500000,10
E1800499300000,14
E1700452900000,14
E1800243800000,14
E1700442300000,16
E1800306100000,14
E1800412500000,12
E1700496900000,14
B1800033200000,all ages
E1800329100000,14
E1800066400000,10
B1600441200000,12
E1800009900000,14
E1700554100000,12
B1500169900000,12
B1700605000000,16
E1800211000000,16
E1700412700000,12
E1800361600000,14
E1800160300000,16
E1800088300000,14
E1700601800000,12
E1800060200000,14
E1800037800000,12
E1800332000000,12
E1800486100000,14
E1800483800000,14
E1800342600000,18
B1600543700000,16
E1800455800000,12
E1800177300000,12
B1700248900000,14
B1800131200000,all ages
B1800473500000,all ages
B1700329300000,16
E1800346800000,12
E1800434400000,16
B1800115300000,14
B1800262800000,16
B1700362500000,12
E1800090900000,14
E1500675600000,14
E1800319500000,14
B1800166700000,14
E1800037600000,10
B1800130000000,14
B1700548300000,16
B1800470600000,10
E1800081500000,14
E1800401600000,all ages
B1800089800000,14
B1800330200000,12
E1800432900000,12
E1800045200000,14
B1700331900000,14
B1700306100000,14
E1800139000000,12
B1700416900000,16
B1402180000000,
E1800433400000,12
B1700085300000,16
E1800176100000,14
E1700482700000,14
E1800095300000,10
B1700450500000,14
B1800293900000,12
E1800253300000,16
E1800490600000,12
B1800228200000,14
B1700278300000,16
E1700443200000,12
B1800106900000,12
B1700353800000,14
E1800271100000,12
B1700402100000,14
E1800251900000,14
B1800077400000,12
B1800218400000,all ages
E1800436900000,10
E1800253000000,14
E1800224400000,14
E1800486200000,14
E1800094600000,14
B1700013000000,14
B1700349900000,all ages
B1700606900000,12
B1800073300000,16
E1800401800000,14
B1700560500000,12
B1800264200000,14
E1800554300000,10
B1800482700000,12
E1700454200000,14
B1800184900000,14
E1800289800000,all ages
E1700467600000,14
E1800390000000,all ages
E1700536700000,16
E1800053500000,12
E1800415000000,14
E1800068700000,14
E1800011100000,12
B1700249500000,14
B1700468400000,12
B1800311900000,all ages
B1700416600000,
E1800494800000,16
B1700449500000,10
B1700529900000,12
B1600707400000,12
E1700599500000,14
E1800015700000,14
E1800305600000,16
B1800340300000,12
E1800413200000,12
E1800243600000,14
E1800062700000,16
E1800300300000,12
E1700475300000,14
E1800436500000,12
E1800027900000,14
E1800015400000,16
B1700580400000,
E1800087200000,14
E1700439100000,18
E1800192700000,14
B1800561400000,all ages
E1700623100000,12
B1800445100000,14
B1800530700000,
B1800422100000,all ages
E1800210800000,12
E1800223800000,14
E1700517500000,all ages
E1800236200000,14
E1700487400000,14
B1700316900000,16
E1800480500000,16
E1800176700000,12
B1700546500000,10
E1700463800000,16
B1700189700000,all ages
E1800576300000,14
E1800452800000,all ages
E1700172900000,all ages
E1800002800000,16
E1800390100000,all ages
E1800537900000,14
E1700408900000,16
B1700402200000,12
E1800158300000,10
E1800412300000,14
B1700544600000,10
B1101515900000,14
E1800073000000,12
E1800019200000,12
E1700586200000,14
B1800462300000,12
E1700202500000,14
B1800001000000,all ages
E1800301500000,all ages
E1800283500000,10
B1800056700000,14
B1600412300000,14
B1800044200000,all ages
E1800391000000,14
B1600754000000,all ages
B1700529800000,
E1800244000000,14
E1800184600000,all ages
B1700605900000,14
B1700481900000,all ages
E1800075900000,16
B1800152000000,12
E1800335600000,16
E1800068600000,12
E1800260700000,12
E1800136200000,10
B1700469700000,12
E1800073100000,16
B1700374300000,12
B1800290300000,12
B1700065100000,16
E1800255300000,12
E1800289900000,16
E1800038100000,all ages
E1800252300000,12
B1600193300000,10
E1800396900000,14
B1800449100000,14
B1800548300000,
E1800085100000,12
E1800337100000,12
E1800215000000,all ages
E1800346400000,12
E1500756400000,12
E1800169900000,12
E1800319800000,14
E1700591400000,14
E1800316800000,12
B1800046600000,16
E1800281700000,14
E1800341100000,16
B1700307700000,all ages
B1700605800000,12
E1700564100000,16
E1800183800000,14
E1700587400000,14
E1800169700000,10
B1800260300000,12
B1700000300000,
B1800092400000,all ages
E1800492800000,all ages
E1800053400000,12
E1800243700000,16
B1800002100000,16
E1800020400000,12
E1800192300000,12
E1700458100000,14
E1800059700000,14
E1700506500000,12
E1800214800000,14
B1800177600000,all ages
B1700306600000,all ages
E1800252900000,12
E1700626500000,all ages
E1800429300000,16
E1800318300000,16
B1700480400000,12
B1800505200000,all ages
E1800184500000,16
B1800563600000,all ages
E1700606200000,12
E1800341000000,14
B1800539000000,12
B1800300700000,12
E1800243500000,14
B1700465300000,10
B1700614000000,16
E1700588300000,16
B1800269200000,12
E1800479300000,16
B1402254000000,12
B1800110100000,12
B1800010300000,12
E1800303500000,16
E1800357100000,16
E1800119100000,14
E1800262300000,16
B1700184000000,16
E1700583100000,18
B1700456600000,18
B1500416000000,18
B1800501600000,14
B1700260300000,14
B1700584300000,12
E1800176200000,12
B1800307900000,14
B1700451600000,10
E1800392500000,14
B1800323800000,10
E1800553900000,14
B1800055100000,
B1700615400000,10
E1700535000000,12
E1800074300000,12
B1800397100000,16
E1700464500000,14
B1800446400000,all ages
E1700471600000,12
E1800401500000,14
B1800000800000,16
E1800455900000,all ages
E1700600900000,all ages
B1800115600000,14
B1800398300000,16
E1700542500000,14
B1700090400000,all ages
E1800127100000,14
E1800334000000,10
E1700516800000,14
B1800247400000,
B1800187300000,16
B1700513700000,16
E1800471300000,14
E1800279800000,12
B1800324100000,10
E1700613800000,12
E1800137700000,12
E1800463600000,16
E1800045100000,14
E1800474800000,12
E1800253200000,16
E1800333300000,12
B1800130600000,all ages
E1500760000000,16
E1800136600000,10
E1700442000000,14
E1800347500000,12
E1800428500000,all ages
B1800038700000,12
B1800387700000,12
E1800431900000,all ages
E1800249500000,14
E1700566400000,16
B1800346100000,16
B1700159700000,16
B1800193400000,12
E1800112500000,12
E1700322100000,all ages
E1800222500000,16
E1800213600000,14
E1800176000000,14
B1800509700000,all ages
E1800335000000,all ages
E1800381200000,16
E1800012100000,16
B1700406200000,16
E1800074600000,16
B1800546900000,16
E1800137800000,16
B1700611000000,12
B1500794300000,14
E1800037700000,all ages
E1700618500000,16
E1800412400000,12
B1700431000000,12
E1700540700000,all ages
B1800127700000,all ages
E1700512400000,14
E1800393100000,16
E1800297600000,all ages
B1700026000000,
B1800202100000,14
E1800133800000,14
B1800487600000,
B1700590500000,12
E1800038000000,12
E1800029900000,all ages
B1700011500000,all ages
B1700088100000,10
E1800215200000,all ages
E1700453500000,14
B1700242100000,10
E1800498300000,10
E1800303600000,12
E1800353100000,14
E1800078000000,16
B1700527500000,all ages
B1700405200000,14
E1800300200000,14
E1700559200000,14
E1800216600000,14
E1800230700000,14
B1500585400000,12
B1700332400000,12
B1700409900000,16
E1800084100000,14
B1800549200000,16
E1800389800000,16
E1800086000000,12
E1800163500000,14
B1800077300000,
B1700606700000,12
E1800463800000,14
B1600641100000,12
E1800224300000,12
B1700581200000,14
B1800211500000,
E1700623300000,14
B1600050100000,all ages
B1700508700000,12
E1700035400000,12
E1700470500000,14
E1800340800000,12
E1700542900000,10
B1800126800000,16
B1800287300000,all ages
B1700414300000,12
E1800140300000,12
E1800076300000,all ages
E1800107200000,16
B1800250800000,12
E1800037900000,12
E1600701100000,14
E1800070700000,12
B1700539800000,14
E1800132300000,12
E1402582900000,12
E1800045300000,12
E1700203900000,14
B1800307200000,14
B1600532000000,all ages
E1800356000000,all ages
B1800212800000,10
E1800476100000,14
E1800215100000,16
E1800282000000,16
B1800124400000,10
E1700535100000,12
E1700582400000,14
B1800132900000,18
B1800387000000,14
B1700428100000,16
B1600746000000,16
E1800136300000,12
E1700483800000,16
B1800029300000,14
E1700619000000,14
B1700532000000,12
E1800518200000,14
E1800396600000,14
E1700554600000,12
E1700443900000,16
E1800291100000,12
B1700025700000,16
B1800410600000,12
B1600483500000,10
B1800285700000,all ages
E1700441800000,10
E1800073200000,14
B1800116000000,16
E1800447000000,12
E1800188200000,16
E1800435100000,14
E1800074200000,14
E1800353200000,16
E1800417600000,12
E1700458600000,12
E1800033300000,10
E1700468700000,16
B1700462900000,10
B1800235900000,12
E1800357000000,14
E1800095100000,12
B1700501700000,10
E1800306200000,16
E1800211700000,12
B1800163200000,
E1800179900000,14
B1800091800000,
E1800053600000,14
E1800192200000,12
E1800067100000,12
E1800198900000,18
B1600725300000,all ages
E1700464000000,
E1700608800000,12
E1700453400000,all ages
E1800342100000,16
E1700515800000,12
E1800347600000,all ages
B1700424500000,14
B1700480900000,14
E1800494900000,14
B1800586000000,16
E1900266600000,14
E1900289700000,12
E1800535400000,all ages
E1900054600000,14
B1800516900000,16
E1900025700000,12
E1800495000000,10
E1900122900000,14
E1800428100000,12
E1900349600000,all ages
B1800358900000,12
E1800490300000,14
B1900415900000,12
E1900220700000,
E1900062800000,16
B1900139400000,all ages
B1900148100000,12
E1900097800000,all ages
E1900137000000,16
E1900363100000,14
E1800606100000,14
E1900033300000,14
E1900297700000,14
E1900127200000,12
E1900046400000,14
E1800605900000,16
B1800089700000,14
E1900234900000,12
B1800423800000,all ages
B1900249100000,12
E1800555600000,12
E1900471400000,12
B1800091200000,14
B1800440300000,14
E1800602700000,all ages
B1900164100000,16
E1900056700000,14
E1900510200000,14
E1800603000000,12
B1700499100000,
B1700307900000,16
E1900346400000,16
B1800547100000,10
E1900183800000,12
E1900046000000,16
B1900366600000,16
B1700222300000,16
E1900348700000,12
E1900349400000,all ages
B1900198800000,
E1900252000000,14
E1900498900000,12
E1900376000000,12
E1900076500000,14
B1900027100000,16
E1900188100000,10
B1900034500000,14
B1900019800000,14
B1700332800000,all ages
E1800002600000,14
B1900314100000,12
E1800494300000,14
E1900000900000,all ages
B1800459400000,all ages
B1800598100000,all ages
B1900347600000,12
E1800567400000,14
E1900271500000,12
E1800494500000,12
E1900368800000,14
E1900271800000,all ages
E1900223800000,16
E1900234800000,14
E1900079700000,16
B1700602000000,all ages
B1700513900000,14
E1900037000000,18
E1900418400000,16
E1900373400000,14
E1900271700000,14
E1900223000000,12
E1900265600000,12
B1500843400000,14
E1800494700000,14
E1900336900000,all ages
E1900112500000,14
B1800141000000,14
B1700259900000,14
B1900232600000,16
B1900498800000,12
B1500711400000,16
B1700509000000,14
B1800213800000,18
E1900253900000,14
E1900102100000,16
B1600569700000,14
E1900119000000,16
E1900576100000,all ages
E1900148500000,16
E1900346600000,16
E1900361500000,14
E1800469900000,16
E1800392200000,14
B1900057300000,14
E1900011200000,12
B1900511300000,16
B1900017500000,12
E1900546000000,12
E1900126800000,16
E1900437800000,all ages
E1900097700000,16
E1900192700000,14
B1800556100000,12
B1800515000000,all ages
B1900048500000,all ages
B1800441300000,12
B1700435100000,all ages
E1800609200000,18
E1800532200000,all ages
E1900165500000,16
E1900025500000,14
E1900357300000,16
E1800555200000,12
E1900482200000,14
E1800550300000,18
E1900233400000,14
E1900287400000,10
B1900179600000,10
B1900104200000,14
E1900297600000,12
B1800135100000,all ages
E1900383600000,14
B1800411600000,14
E1900577000000,14
B1700490400000,12
B1800504800000,12
B1700596400000,16
B1900386800000,12
B1900232700000,18
B1900357900000,16
E1900046100000,16
E1900568900000,14
B1800502000000,16
E1900161900000,16
E1900339600000,10
E1900463600000,16
E1900436700000,12
E1800463100000,10
E1900267600000,12
E1800537700000,16
E1900056900000,10
B1800115900000,16
B1900442300000,12
B1800421800000,14
B1800547000000,12
E1900046900000,12
E1900410800000,12
E1900085700000,14
E1900395500000,14
E1800490700000,14
E1900127300000,16
E1800535500000,14
B1900350700000,14
E1900202500000,12
E1900021500000,14
E1900510500000,14
B1900093600000,10
E1900148600000,12
E1800581700000,12
B1900448700000,16
B1900233000000,10
B1900019000000,12
E1900442200000,16
E1900546200000,16
B1800234700000,12
B1700598000000,all ages
E1900122700000,16
B1900612000000,
E1900433300000,14
E1900368700000,16
E1900223900000,16
E1900252200000,12
B1700541700000,12
E1900336700000,12
B1800335300000,
B1402255700000,
E1900059700000,16
E1900062600000,12
E1900122800000,14
E1800532100000,12
B1900172900000,18
E1800301900000,14
B1700571300000,14
B1900398400000,14
E1900033700000,16
E1900202300000,14
B1800214000000,16
B1600660100000,14
E1900127700000,10
E1800533700000,10
B1800418000000,16
E1900073900000,12
B1800474200000,
E1800494600000,16
B1800362300000,10
B1800168300000,12
E1900236500000,16
B1600625500000,12
E1900309700000,14
E1900346500000,16
E1900126300000,16
B1900605200000,all ages
B1900092000000,14
E1900123100000,10
B1600116700000,18
E1900161700000,12
B1900157600000,12
B1800374500000,16
B1700028400000,10
B1800491800000,14
B1800152800000,14
B1600677900000,14
B1900036000000,12
E1900388600000,10
E1800466600000,16
E1800490500000,12
E1900332000000,12
B1800445500000,12
B1800287700000,14
E1900162000000,16
E1900018200000,14
E1900276600000,all ages
B1700170200000,16
E1900358800000,10
E1800599600000,16
E1900447600000,14
E1800532500000,14
B1800505900000,all ages
B1900363600000,16
B1900075800000,12
E1900594700000,14
E1900267000000,12
E1900091500000,10
E1900302700000,14
E1800492900000,12
E1900248800000,10
B1800603500000,14
E1900340500000,12
E1900337700000,14
B1700479800000,12
B1800517200000,12
E1800547800000,12
E1900127100000,12
E1900227200000,14
E1900304100000,14
B1900040000000,12
B1700600100000,12
E1900509700000,12
E1900346900000,12
B1900576900000,12
E1900065700000,14
B1800204300000,14
B1800405900000,16
B1900013000000,12
E1900275200000,16
B1700411300000,14
B1900063700000,10
B1900354300000,12
E1900338900000,16
E1800601100000,16
B1700610400000,18
B1900307100000,16
E1800519300000,12
E1900332200000,16
E1900053200000,16
B1900245100000,all ages
B1900212400000,12
B1800029400000,12
E1800504300000,16
E1900275300000,18
E1900195700000,14
B1800150600000,all ages
B1700104400000,18
B1900042200000,14
E1900368500000,16
E1900248700000,14
B1900164800000,14
E1900410200000,12
B1900019900000,12
E1900033900000,14
E1900129500000,12
B1900210500000,12
E1900540900000,16
B1800245900000,14
E1800475300000,16
E1900115200000,16
E1800607400000,all ages
E1900377500000,12
E1800598900000,all ages
E1900266100000,14
E1900282600000,14
B1800029600000,16
E1900581900000,12
E1900025300000,all ages
E1800531800000,16
E1900235000000,16
E1900053000000,14
E1900267700000,10
E1900483800000,all ages
E1900304200000,16
E1800523600000,14
E1900046200000,12
E1900164200000,12
E1900072400000,12
E1900268100000,14
E1900099700000,all ages
B1600714000000,14
B1500851700000,10
E1900084300000,14
B1800235200000,10
B1700497900000,16
E1900449400000,18
E1900314200000,all ages
E1900310600000,14
B1900108800000,12
E1900099900000,14
B1900487100000,12
B1800321600000,
B1900579700000,all ages
B1800550200000,12
E1900458900000,16
E1900453900000,16
E1900356000000,16
B1700316600000,12
E1900227600000,all ages
B1900444100000,14
E1900420200000,10
E1800610800000,14
E1900162100000,all ages
E1900127400000,all ages
E1800462600000,16
E1900062700000,all ages
E1800343300000,14
E1900339500000,16
E1900339700000,14
E1900200900000,16
E1900053400000,14
E1900123000000,16
E1800562000000,14
E1900037200000,14
E1900302600000,18
E1900235100000,16
B1800187200000,14
E1900310000000,18
B1900507000000,16
B1900253800000,14
E1900499200000,16
E1900130800000,12
B1800556200000,14
E1900164300000,16
B1800517000000,14
B1900031700000,12
E1900222300000,12
B1900147200000,10
E1800460400000,14
E1900440500000,10
E1900336200000,12
E1900017600000,14
E1800490200000,12
E1900060900000,12
B1800098700000,14
B1900579600000,all ages
E1800608000000,16
B1800514700000,all ages
B1700524600000,12
B1800263900000,16
B1900032000000,14
E1900358900000,12
E1900033600000,10
E1800532600000,12
E1900089800000,16
E1900525400000,
B1800540900000,12
B1900072800000,all ages
B1900074000000,
B1900074100000,all ages
B1900121900000,all ages
B1900147000000,all ages
E1900289500000,16
B1800466100000,12
E1900148700000,all ages
B1900029000000,all ages
E1800602400000,12
E1900131300000,14
E1900582800000,14
B1800504700000,12
E1900229100000,all ages
B1800447400000,10
E1800520700000,12
B1800005800000,18
B1900235500000,all ages
E1900090400000,all ages
B1800262100000,12
E1900431700000,12
E1900017800000,16
E1800483600000,14
E1900090300000,12
E1900084600000,14
E1900466900000,14
B1800552500000,10
E1800490400000,14
E1900025600000,12
E1900046500000,12
B1900177100000,
E1900024100000,all ages
B1800206400000,18
E1800412700000,12
E1900436800000,12
B1800215300000,14
B1900387800000,
B1900401700000,12
E1900159600000,12
E1900264000000,14
E1900065900000,16
B1700600300000,16
B1800458600000,14
E1800602500000,14
E1900118800000,14
E1800480600000,14
E1900107800000,12
E1900025800000,16
E1900366500000,14
E1900126900000,all ages
E1800501000000,16
E1800609300000,12
E1800481100000,all ages
E1900131400000,12
E1800586300000,all ages
E1900265700000,12
E1800495100000,10
E1900367100000,16
E1900439000000,14
B1900592900000,16
E1900443600000,16
E2000031600000,16
E1900534600000,12
B1800090200000,14
B1900262200000,12
E1900512400000,10
E1900587000000,12
E1900525600000,16
E1900365900000,all ages
E1900592300000,16
E1900563000000,14
E1900458100000,12
E1900563100000,12
E1900571900000,14
E1900581500000,14
E1900534700000,14
E1900298500000,16
E1900532300000,14
B2000012600000,all ages
E1900570600000,14
E1900570900000,14
E1900608900000,14
E1900604900000,14
E2000002000000,10
E1900507300000,12
B1900525000000,12
